iter,method,n,mse_train,mse_val,mse_test,mse_test_m,mse_test_s,R2_train,R2_val,R2_test,R2_test_m,R2_test_s,early_stopping,optimizer,depth,n_epochs,learning_rate,lr,weight_decay,batch_size,type_width,width,n_draws,n_iter_no_change,verbose,mlp_depth,init_type,max_iter,order0,n_trials_no_change,validation_fraction,add_mask,imputation_type,n_features,prop_latent,snr,miss_orig,miss_shift,link,curvature,width_factor,max_leaf_nodes,min_samples_leaf
0,bayes,6000,0.18745056029140042,0.15958429796069196,0.11046643688332472,0.19472486499461347,0.13068164381349476,0.8490752219131944,0.8682998297274028,0.9136927735511876,0.8478618167429869,0.897898669102299,,,,,,,,,,,,,,,,,True,,,,,50,0.3,10,"{'mdm': 'MCAR', 'missing_rate': 0.5}","{'mdm': 'MCAR', 'missing_rate': 0.25}",stairs,20,,,
0,bayes,6000,0.6853631348958882,0.724158973741079,0.11169778790461674,0.6880899535010717,0.2475606160391922,0.4630351400305043,0.441866426423526,0.9111628081711921,0.45273778163941936,0.8031063072161113,,,,,,,,,,,,,,,,,True,,,,,50,0.7,10,"{'mdm': 'MCAR', 'missing_rate': 0.5}","{'mdm': 'MCAR', 'missing_rate': 0.25}",stairs,20,,,
0,bayes,6000,0.1772555691259524,0.15323415118348516,0.11046643688332472,0.17773905436834367,0.12973222438334361,0.8572836624579986,0.8735404168183716,0.9136927735511876,0.8611327997265922,0.8986404487782336,,,,,,,,,,,,,,,,,False,,,,,50,0.3,10,"{'mdm': 'MCAR', 'missing_rate': 0.5}","{'mdm': 'MCAR', 'missing_rate': 0.25}",stairs,20,,,
0,bayes,6000,0.4637275919367542,0.46989831567522117,0.11169778790461674,0.482979656752527,0.2109552425127773,0.636681039889698,0.6378336309353673,0.9111628081711921,0.6158692376882551,0.8322198523537127,,,,,,,,,,,,,,,,,False,,,,,50,0.7,10,"{'mdm': 'MCAR', 'missing_rate': 0.5}","{'mdm': 'MCAR', 'missing_rate': 0.25}",stairs,20,,,
